{"cameraMode":{"drawMode":0,"name":"Shaded","section":"Shading Mode"},"sceneLighting":false,"audioPlay":false,"sceneViewState":{"showFog":true,"showMaterialUpdate":false,"showSkybox":false,"showFlares":true,"showImageEffects":true,"showParticleSystems":true},"in2DMode":false,"pivot":{"x":118.24862670898438,"y":-1.4411888122558594,"z":105.67122650146485},"rotation":{"x":0.4789949655532837,"y":0.5200857520103455,"z":-0.4781355559825897,"w":0.5210201144218445},"size":52.56346893310547,"orthographic":false}