{"cameraMode":{"drawMode":0,"name":"Shaded","section":"Shading Mode"},"sceneLighting":true,"audioPlay":false,"sceneViewState":{"showFog":true,"showMaterialUpdate":false,"showSkybox":true,"showFlares":true,"showImageEffects":true,"showParticleSystems":true},"in2DMode":false,"pivot":{"x":18.413602828979493,"y":-1.1953125,"z":13.20330810546875},"rotation":{"x":0.7039145231246948,"y":0.002130841836333275,"z":-0.002111750189214945,"w":0.7102784514427185},"size":49.77732849121094,"orthographic":true}