{"count":1,"gauges":{},"self":289.593216,"total":2097.3043623999997,"children":{"AgentResetIfDone":{"count":500017,"self":7.7123016,"total":7.7123015,"children":null},"AgentSendState":{"count":500017,"self":22.731716799999997,"total":32.095463099999996,"children":{"CollectObservations":{"count":2000068,"self":9.3637456,"total":9.3637459,"children":null}}},"DecideAction":{"count":500017,"self":1750.669312,"total":1762.9636047,"children":{"AgentInfo.ToProto":{"count":500017,"self":12.294374399999999,"total":12.2943748,"children":null}}},"AcademyStep":{"count":500017,"self":1.6293874,"total":1.6293874,"children":null},"AgentAct":{"count":500017,"self":3.3083921999999997,"total":3.3083921999999997,"children":null}}}