{"count":1,"gauges":{},"self":1.2650404,"total":2369.5202612999997,"children":{"AgentResetIfDone":{"count":1651,"self":0.0596282,"total":0.0596282,"children":null},"AgentSendState":{"count":1651,"self":0.0788693,"total":0.10441919999999999,"children":{"CollectObservations":{"count":6604,"self":0.0255499,"total":0.0255499,"children":null}}},"DecideAction":{"count":1651,"self":2368.0167936,"total":2368.0725042,"children":{"AgentInfo.ToProto":{"count":1651,"self":0.0557857,"total":0.0557857,"children":null}}},"AcademyStep":{"count":1651,"self":0.0068964,"total":0.0068964,"children":null},"AgentAct":{"count":1651,"self":0.0112769,"total":0.0112769,"children":null}}}