{"count":1,"gauges":{},"self":1719.739392,"total":18394.928124,"children":{"AgentResetIfDone":{"count":3072017,"self":228.912768,"total":228.9127738,"children":null},"AgentSendState":{"count":3072017,"self":194.0943744,"total":284.786593,"children":{"CollectObservations":{"count":18432102,"self":90.692224,"total":90.6922223,"children":null}}},"DecideAction":{"count":3072017,"self":16011.3590272,"total":16112.225194999999,"children":{"AgentInfo.ToProto":{"count":3072017,"self":100.8656384,"total":100.8656395,"children":null}}},"AcademyStep":{"count":3072017,"self":10.280672,"total":10.280672299999999,"children":null},"AgentAct":{"count":3072017,"self":38.982576,"total":38.9825753,"children":null}}}