{"count":1,"gauges":{},"self":81.90267519999999,"total":93.417172499999992,"children":{"AgentResetIfDone":{"count":4656,"self":0.1700351,"total":0.1700351,"children":null},"AgentSendState":{"count":4656,"self":0.125698,"total":0.14929889999999998,"children":{"CollectObservations":{"count":4656,"self":0.023600899999999998,"total":0.023600899999999998,"children":null}}},"DecideAction":{"count":4656,"self":11.088510399999999,"total":11.0885102,"children":null},"AcademyStep":{"count":4656,"self":0.018023499999999998,"total":0.018023499999999998,"children":null},"AgentAct":{"count":4656,"self":0.0876391,"total":0.0876391,"children":null}}}