{"count":1,"gauges":{},"self":1861.9447295999998,"total":17687.3058268,"children":{"AgentResetIfDone":{"count":3072017,"self":187.6666496,"total":187.666645,"children":null},"AgentSendState":{"count":3072017,"self":205.30956799999998,"total":302.2582491,"children":{"CollectObservations":{"count":18432102,"self":96.9486848,"total":96.9486841,"children":null}}},"DecideAction":{"count":3072017,"self":15183.167488,"total":15293.6877006,"children":{"AgentInfo.ToProto":{"count":3072017,"self":110.5201664,"total":110.5201699,"children":null}}},"AcademyStep":{"count":3072017,"self":9.7246344,"total":9.7246344,"children":null},"AgentAct":{"count":3072017,"self":32.022895999999996,"total":32.0228965,"children":null}}}