{"count":1,"gauges":{},"self":384.7848704,"total":2549.3281809,"children":{"AgentResetIfDone":{"count":598867,"self":9.8270688,"total":9.8270685999999987,"children":null},"AgentSendState":{"count":598867,"self":24.4964944,"total":35.1725186,"children":{"CollectObservations":{"count":2395468,"self":10.676024,"total":10.676024,"children":null}}},"DecideAction":{"count":598867,"self":2098.1264384,"total":2113.2395811,"children":{"AgentInfo.ToProto":{"count":598867,"self":15.113211199999999,"total":15.113210599999999,"children":null}}},"AcademyStep":{"count":598867,"self":1.9681579999999999,"total":1.9681579999999999,"children":null},"AgentAct":{"count":598867,"self":4.334992,"total":4.3349918,"children":null}}}