{"count":1,"gauges":{},"self":27887.091711999998,"total":28277.562478099997,"children":{"AgentResetIfDone":{"count":1412979,"self":175.99096319999998,"total":175.9909587,"children":null},"AgentSendState":{"count":1412979,"self":125.58899199999999,"total":135.1943483,"children":{"CollectObservations":{"count":1412979,"self":9.6053496,"total":9.6053499,"children":null}}},"DecideAction":{"count":1412979,"self":55.494015999999995,"total":55.494018999999994,"children":null},"AcademyStep":{"count":1412979,"self":4.645694,"total":4.6456941,"children":null},"AgentAct":{"count":1412979,"self":19.1422144,"total":19.1422137,"children":null}}}