{"count":1,"gauges":{},"self":44.249407999999995,"total":49.046948699999994,"children":{"AgentResetIfDone":{"count":2437,"self":0.1617732,"total":0.1617732,"children":null},"AgentSendState":{"count":2437,"self":0.080655999999999992,"total":0.0943537,"children":{"CollectObservations":{"count":2437,"self":0.0136977,"total":0.0136977,"children":null}}},"DecideAction":{"count":2437,"self":4.512966,"total":4.5129661,"children":null},"AcademyStep":{"count":2437,"self":0.0065695,"total":0.0065695,"children":null},"AgentAct":{"count":2437,"self":0.020388999999999997,"total":0.020388999999999997,"children":null}}}