{"count":1,"gauges":{},"self":5.6026576,"total":6.6355946,"children":{"AgentResetIfDone":{"count":314,"self":0.0039924,"total":0.0039924,"children":null},"AgentSendState":{"count":314,"self":0.0129708,"total":0.016966099999999998,"children":{"CollectObservations":{"count":314,"self":0.0039953,"total":0.0039953,"children":null}}},"DecideAction":{"count":314,"self":1.0069923,"total":1.0069923,"children":null},"AcademyStep":{"count":314,"self":0,"total":0,"children":null},"AgentAct":{"count":314,"self":0.0029912999999999997,"total":0.0029912999999999997,"children":null}}}