{"count":1,"gauges":{},"self":38.015744,"total":1113.3873380999999,"children":{"AgentResetIfDone":{"count":53184,"self":7.8043872,"total":7.8043872999999993,"children":null},"AgentSendState":{"count":53184,"self":3.6436976,"total":5.3660127,"children":{"CollectObservations":{"count":319104,"self":1.7223152,"total":1.7223152,"children":null}}},"DecideAction":{"count":53184,"self":1059.4264064,"total":1061.3918409,"children":{"AgentInfo.ToProto":{"count":53184,"self":1.9653984,"total":1.9653984,"children":null}}},"AcademyStep":{"count":53184,"self":0.1705412,"total":0.1705412,"children":null},"AgentAct":{"count":53184,"self":0.63781389999999993,"total":0.63781389999999993,"children":null}}}