{"count":1,"gauges":{},"self":1593.973248,"total":17780.2411388,"children":{"AgentResetIfDone":{"count":3072017,"self":170.4584832,"total":170.4584793,"children":null},"AgentSendState":{"count":3072017,"self":186.7947776,"total":275.9739894,"children":{"CollectObservations":{"count":18432102,"self":89.1792128,"total":89.1792112,"children":null}}},"DecideAction":{"count":3072017,"self":15595.8706176,"total":15692.6404393,"children":{"AgentInfo.ToProto":{"count":3072017,"self":96.770624,"total":96.77062509999999,"children":null}}},"AcademyStep":{"count":3072017,"self":10.108792,"total":10.1087923,"children":null},"AgentAct":{"count":3072017,"self":37.083670399999995,"total":37.0836708,"children":null}}}